[{"fields": {"code": "1", "name": "San Jos\u00e9"}, "model": "crdist.province", "pk": 1}, {"fields": {"code": "2", "name": "Alajuela"}, "model": "crdist.province", "pk": 2}, {"fields": {"code": "3", "name": "Cartago"}, "model": "crdist.province", "pk": 3}, {"fields": {"code": "4", "name": "Heredia"}, "model": "crdist.province", "pk": 4}, {"fields": {"code": "5", "name": "Guanacaste"}, "model": "crdist.province", "pk": 5}, {"fields": {"code": "6", "name": "Puntarenas"}, "model": "crdist.province", "pk": 6}, {"fields": {"code": "7", "name": "Lim\u00f3n"}, "model": "crdist.province", "pk": 7}, {"fields": {"name": "CENTRAL"}, "model": "crdist.region", "pk": 1}, {"fields": {"name": "HUETAR NORTE"}, "model": "crdist.region", "pk": 2}, {"fields": {"name": "PAC\u00cdFICO CENTRAL"}, "model": "crdist.region", "pk": 3}, {"fields": {"name": "CHOROTEGA"}, "model": "crdist.region", "pk": 4}, {"fields": {"name": "HUETAR ATL\u00c1NTICO"}, "model": "crdist.region", "pk": 5}, {"fields": {"name": "BRUNCA"}, "model": "crdist.region", "pk": 6}, {"fields": {"name": "No Indicado"}, "model": "crdist.region", "pk": 7}, {"fields": {"code": "302", "name": "Para\u00edso", "province": 3}, "model": "crdist.canton", "pk": 1}, {"fields": {"code": "303", "name": "La Uni\u00f3n", "province": 3}, "model": "crdist.canton", "pk": 2}, {"fields": {"code": "304", "name": "Jim\u00e9nez", "province": 3}, "model": "crdist.canton", "pk": 3}, {"fields": {"code": "305", "name": "Turrialba", "province": 3}, "model": "crdist.canton", "pk": 4}, {"fields": {"code": "306", "name": "Alvarado", "province": 3}, "model": "crdist.canton", "pk": 5}, {"fields": {"code": "307", "name": "Oreamuno", "province": 3}, "model": "crdist.canton", "pk": 6}, {"fields": {"code": "308", "name": "El Guarco", "province": 3}, "model": "crdist.canton", "pk": 7}, {"fields": {"code": "401", "name": "Heredia Central", "province": 4}, "model": "crdist.canton", "pk": 8}, {"fields": {"code": "402", "name": "Barva", "province": 4}, "model": "crdist.canton", "pk": 9}, {"fields": {"code": "403", "name": "Santo Domingo", "province": 4}, "model": "crdist.canton", "pk": 10}, {"fields": {"code": "404", "name": "Santa B\u00e1rbara", "province": 4}, "model": "crdist.canton", "pk": 11}, {"fields": {"code": "405", "name": "San Rafael", "province": 4}, "model": "crdist.canton", "pk": 12}, {"fields": {"code": "406", "name": "San Isidro", "province": 4}, "model": "crdist.canton", "pk": 13}, {"fields": {"code": "407", "name": "Bel\u00e9n", "province": 4}, "model": "crdist.canton", "pk": 14}, {"fields": {"code": "209", "name": "Orotina", "province": 2}, "model": "crdist.canton", "pk": 15}, {"fields": {"code": "210", "name": "San Carlos", "province": 2}, "model": "crdist.canton", "pk": 16}, {"fields": {"code": "211", "name": "Zarcero", "province": 2}, "model": "crdist.canton", "pk": 17}, {"fields": {"code": "212", "name": "Valverde Vega", "province": 2}, "model": "crdist.canton", "pk": 18}, {"fields": {"code": "507", "name": "Abangares", "province": 5}, "model": "crdist.canton", "pk": 19}, {"fields": {"code": "508", "name": "Tilar\u00e1n", "province": 5}, "model": "crdist.canton", "pk": 20}, {"fields": {"code": "408", "name": "Flores", "province": 4}, "model": "crdist.canton", "pk": 21}, {"fields": {"code": "409", "name": "San Pablo", "province": 4}, "model": "crdist.canton", "pk": 22}, {"fields": {"code": "410", "name": "Sarapiqu\u00ed", "province": 4}, "model": "crdist.canton", "pk": 23}, {"fields": {"code": "501", "name": "Liberia", "province": 5}, "model": "crdist.canton", "pk": 24}, {"fields": {"code": "502", "name": "Nicoya", "province": 5}, "model": "crdist.canton", "pk": 25}, {"fields": {"code": "503", "name": "Santa Cruz", "province": 5}, "model": "crdist.canton", "pk": 26}, {"fields": {"code": "105", "name": "Tarraz\u00fa", "province": 1}, "model": "crdist.canton", "pk": 27}, {"fields": {"code": "106", "name": "Aserr\u00ed", "province": 1}, "model": "crdist.canton", "pk": 28}, {"fields": {"code": "107", "name": "Mora", "province": 1}, "model": "crdist.canton", "pk": 29}, {"fields": {"code": "509", "name": "Nandayure", "province": 5}, "model": "crdist.canton", "pk": 30}, {"fields": {"code": "510", "name": "La Cruz", "province": 5}, "model": "crdist.canton", "pk": 31}, {"fields": {"code": "511", "name": "Hojancha", "province": 5}, "model": "crdist.canton", "pk": 32}, {"fields": {"code": "601", "name": "Puntarenas Central", "province": 6}, "model": "crdist.canton", "pk": 33}, {"fields": {"code": "602", "name": "Esparza", "province": 6}, "model": "crdist.canton", "pk": 34}, {"fields": {"code": "603", "name": "Buenos Aires", "province": 6}, "model": "crdist.canton", "pk": 35}, {"fields": {"code": "604", "name": "Montes de Oro", "province": 6}, "model": "crdist.canton", "pk": 36}, {"fields": {"code": "605", "name": "Osa", "province": 6}, "model": "crdist.canton", "pk": 37}, {"fields": {"code": "606", "name": "Aguirre", "province": 6}, "model": "crdist.canton", "pk": 38}, {"fields": {"code": "607", "name": "Golfito", "province": 6}, "model": "crdist.canton", "pk": 39}, {"fields": {"code": "608", "name": "Coto Brus", "province": 6}, "model": "crdist.canton", "pk": 40}, {"fields": {"code": "609", "name": "Parrita", "province": 6}, "model": "crdist.canton", "pk": 41}, {"fields": {"code": "610", "name": "Corredores", "province": 6}, "model": "crdist.canton", "pk": 42}, {"fields": {"code": "611", "name": "Garabito", "province": 6}, "model": "crdist.canton", "pk": 43}, {"fields": {"code": "701", "name": "Lim\u00f3n Central", "province": 7}, "model": "crdist.canton", "pk": 44}, {"fields": {"code": "702", "name": "Pococ\u00ed", "province": 7}, "model": "crdist.canton", "pk": 45}, {"fields": {"code": "703", "name": "Siquirres", "province": 7}, "model": "crdist.canton", "pk": 46}, {"fields": {"code": "704", "name": "Talamanca", "province": 7}, "model": "crdist.canton", "pk": 47}, {"fields": {"code": "705", "name": "Matina", "province": 7}, "model": "crdist.canton", "pk": 48}, {"fields": {"code": "706", "name": "Gu\u00e1cimo", "province": 7}, "model": "crdist.canton", "pk": 49}, {"fields": {"code": "506", "name": "Ca\u00f1as", "province": 5}, "model": "crdist.canton", "pk": 50}, {"fields": {"code": "504", "name": "Bagaces", "province": 5}, "model": "crdist.canton", "pk": 51}, {"fields": {"code": "505", "name": "Carrillo", "province": 5}, "model": "crdist.canton", "pk": 52}, {"fields": {"code": "214", "name": "Los Chiles", "province": 2}, "model": "crdist.canton", "pk": 53}, {"fields": {"code": "101", "name": "San Jos\u00e9 Central", "province": 1}, "model": "crdist.canton", "pk": 54}, {"fields": {"code": "102", "name": "Escaz\u00fa", "province": 1}, "model": "crdist.canton", "pk": 55}, {"fields": {"code": "103", "name": "Desamparados", "province": 1}, "model": "crdist.canton", "pk": 56}, {"fields": {"code": "104", "name": "Puriscal", "province": 1}, "model": "crdist.canton", "pk": 57}, {"fields": {"code": "111", "name": "V\u00e1zquez de Coronado", "province": 1}, "model": "crdist.canton", "pk": 58}, {"fields": {"code": "112", "name": "Acosta", "province": 1}, "model": "crdist.canton", "pk": 59}, {"fields": {"code": "215", "name": "Guatuso", "province": 2}, "model": "crdist.canton", "pk": 60}, {"fields": {"code": "301", "name": "Cartago Central", "province": 3}, "model": "crdist.canton", "pk": 61}, {"fields": {"code": "113", "name": "Tib\u00e1s", "province": 1}, "model": "crdist.canton", "pk": 62}, {"fields": {"code": "114", "name": "Moravia", "province": 1}, "model": "crdist.canton", "pk": 63}, {"fields": {"code": "115", "name": "Montes de Oca", "province": 1}, "model": "crdist.canton", "pk": 64}, {"fields": {"code": "116", "name": "Turrubares", "province": 1}, "model": "crdist.canton", "pk": 65}, {"fields": {"code": "117", "name": "Dota", "province": 1}, "model": "crdist.canton", "pk": 66}, {"fields": {"code": "118", "name": "Curridabat", "province": 1}, "model": "crdist.canton", "pk": 67}, {"fields": {"code": "119", "name": "P\u00e9rez Zeled\u00f3n", "province": 1}, "model": "crdist.canton", "pk": 68}, {"fields": {"code": "120", "name": "Le\u00f3n Cort\u00e9s", "province": 1}, "model": "crdist.canton", "pk": 69}, {"fields": {"code": "201", "name": "Alajuela Central", "province": 2}, "model": "crdist.canton", "pk": 70}, {"fields": {"code": "202", "name": "San Ram\u00f3n", "province": 2}, "model": "crdist.canton", "pk": 71}, {"fields": {"code": "203", "name": "Grecia", "province": 2}, "model": "crdist.canton", "pk": 72}, {"fields": {"code": "204", "name": "San Mateo", "province": 2}, "model": "crdist.canton", "pk": 73}, {"fields": {"code": "205", "name": "Atenas", "province": 2}, "model": "crdist.canton", "pk": 74}, {"fields": {"code": "206", "name": "Naranjo", "province": 2}, "model": "crdist.canton", "pk": 75}, {"fields": {"code": "207", "name": "Palmares", "province": 2}, "model": "crdist.canton", "pk": 76}, {"fields": {"code": "208", "name": "Po\u00e1s", "province": 2}, "model": "crdist.canton", "pk": 77}, {"fields": {"code": "108", "name": "Goicoechea", "province": 1}, "model": "crdist.canton", "pk": 78}, {"fields": {"code": "109", "name": "Santa Ana", "province": 1}, "model": "crdist.canton", "pk": 79}, {"fields": {"code": "110", "name": "Alajuelita", "province": 1}, "model": "crdist.canton", "pk": 80}, {"fields": {"code": "213", "name": "Upala", "province": 2}, "model": "crdist.canton", "pk": 82}, {"fields": {"code": "406001", "canton": 13, "name": "SAN ANTONIO (SAN ISIDRO)", "region": 1}, "model": "crdist.district", "pk": 469}, {"fields": {"code": "406002", "canton": 13, "name": "RIBERA", "region": 1}, "model": "crdist.district", "pk": 470}, {"fields": {"code": "206001", "canton": 75, "name": "Naranjo", "region": 1}, "model": "crdist.district", "pk": 471}, {"fields": {"code": "206002", "canton": 75, "name": "San Miguel", "region": 1}, "model": "crdist.district", "pk": 472}, {"fields": {"code": "206003", "canton": 75, "name": "San Jos\u00e9", "region": 1}, "model": "crdist.district", "pk": 473}, {"fields": {"code": "206004", "canton": 75, "name": "Cirr\u00ed Sur", "region": 1}, "model": "crdist.district", "pk": 474}, {"fields": {"code": "206005", "canton": 75, "name": "San Jer\u00f3nimo", "region": 1}, "model": "crdist.district", "pk": 475}, {"fields": {"code": "206006", "canton": 75, "name": "San Juan", "region": 1}, "model": "crdist.district", "pk": 476}, {"fields": {"code": "206007", "canton": 75, "name": "El Rosario", "region": 1}, "model": "crdist.district", "pk": 477}, {"fields": {"code": "502001", "canton": 25, "name": "Nicoya", "region": 4}, "model": "crdist.district", "pk": 478}, {"fields": {"code": "509005", "canton": 30, "name": "Porvenir", "region": 4}, "model": "crdist.district", "pk": 479}, {"fields": {"code": "509006", "canton": 30, "name": "Bejuco", "region": 4}, "model": "crdist.district", "pk": 480}, {"fields": {"code": "301003", "canton": 61, "name": "Carmen", "region": 1}, "model": "crdist.district", "pk": 481}, {"fields": {"code": "301004", "canton": 61, "name": "San Nicol\u00e1s", "region": 1}, "model": "crdist.district", "pk": 482}, {"fields": {"code": "701002", "canton": 44, "name": "Valle la Estrella", "region": 5}, "model": "crdist.district", "pk": 483}, {"fields": {"code": "701003", "canton": 44, "name": "R\u00edo Blanco", "region": 5}, "model": "crdist.district", "pk": 484}, {"fields": {"code": "214001", "canton": 53, "name": "Los Chiles", "region": 2}, "model": "crdist.district", "pk": 485}, {"fields": {"code": "214002", "canton": 53, "name": "Ca\u00f1o Negro", "region": 2}, "model": "crdist.district", "pk": 486}, {"fields": {"code": "214003", "canton": 53, "name": "El Amparo", "region": 2}, "model": "crdist.district", "pk": 487}, {"fields": {"code": "214004", "canton": 53, "name": "San Jorge", "region": 2}, "model": "crdist.district", "pk": 488}, {"fields": {"code": "705002", "canton": 48, "name": "Bat\u00e1n", "region": 5}, "model": "crdist.district", "pk": 489}, {"fields": {"code": "705003", "canton": 48, "name": "Carrandi", "region": 5}, "model": "crdist.district", "pk": 490}, {"fields": {"code": "115001", "canton": 64, "name": "San Pedro", "region": 1}, "model": "crdist.district", "pk": 491}, {"fields": {"code": "210011", "canton": 16, "name": "Cutris", "region": 2}, "model": "crdist.district", "pk": 492}, {"fields": {"code": "210012", "canton": 16, "name": "Monterrey", "region": 2}, "model": "crdist.district", "pk": 493}, {"fields": {"code": "210013", "canton": 16, "name": "Pocosol", "region": 2}, "model": "crdist.district", "pk": 494}, {"fields": {"code": "406003", "canton": 13, "name": "Concepci\u00f3n", "region": 1}, "model": "crdist.district", "pk": 495}, {"fields": {"code": "406004", "canton": 13, "name": "San Francisco", "region": 1}, "model": "crdist.district", "pk": 496}, {"fields": {"code": "101001", "canton": 54, "name": "Carmen", "region": 1}, "model": "crdist.district", "pk": 497}, {"fields": {"code": "101002", "canton": 54, "name": "Merced", "region": 1}, "model": "crdist.district", "pk": 498}, {"fields": {"code": "101009", "canton": 54, "name": "Pavas", "region": 1}, "model": "crdist.district", "pk": 499}, {"fields": {"code": "110003", "canton": 80, "name": "San Antonio", "region": 1}, "model": "crdist.district", "pk": 500}, {"fields": {"code": "110004", "canton": 80, "name": "Concepci\u00f3n", "region": 1}, "model": "crdist.district", "pk": 501}, {"fields": {"code": "110005", "canton": 80, "name": "San Felipe", "region": 1}, "model": "crdist.district", "pk": 502}, {"fields": {"code": "211001", "canton": 17, "name": "Zarcero", "region": 1}, "model": "crdist.district", "pk": 503}, {"fields": {"code": "211002", "canton": 17, "name": "Laguna", "region": 1}, "model": "crdist.district", "pk": 504}, {"fields": {"code": "211003", "canton": 17, "name": "Tapesco", "region": 1}, "model": "crdist.district", "pk": 505}, {"fields": {"code": "204002", "canton": 73, "name": "Desmonte", "region": 3}, "model": "crdist.district", "pk": 506}, {"fields": {"code": "204003", "canton": 73, "name": "Jes\u00fas Mar\u00eda", "region": 3}, "model": "crdist.district", "pk": 507}, {"fields": {"code": "409001", "canton": 22, "name": "San Pablo", "region": 1}, "model": "crdist.district", "pk": 508}, {"fields": {"code": "405002", "canton": 12, "name": "San Josecito", "region": 1}, "model": "crdist.district", "pk": 509}, {"fields": {"code": "405003", "canton": 12, "name": "Santiago", "region": 1}, "model": "crdist.district", "pk": 510}, {"fields": {"code": "405004", "canton": 12, "name": "Concepci\u00f3n", "region": 1}, "model": "crdist.district", "pk": 511}, {"fields": {"code": "405005", "canton": 12, "name": "\u00c1ngeles", "region": 1}, "model": "crdist.district", "pk": 512}, {"fields": {"code": "202001", "canton": 71, "name": "San Ram\u00f3n", "region": 1}, "model": "crdist.district", "pk": 513}, {"fields": {"code": "202002", "canton": 71, "name": "Santiago", "region": 1}, "model": "crdist.district", "pk": 514}, {"fields": {"code": "202003", "canton": 71, "name": "San Juan", "region": 1}, "model": "crdist.district", "pk": 515}, {"fields": {"code": "202004", "canton": 71, "name": "Piedades Norte", "region": 1}, "model": "crdist.district", "pk": 516}, {"fields": {"code": "111004", "canton": 58, "name": "Patalillo", "region": 1}, "model": "crdist.district", "pk": 517}, {"fields": {"code": "108002", "canton": 78, "name": "San Francisco", "region": 1}, "model": "crdist.district", "pk": 518}, {"fields": {"code": "108003", "canton": 78, "name": "Calle Blancos", "region": 1}, "model": "crdist.district", "pk": 519}, {"fields": {"code": "108004", "canton": 78, "name": "Mata de Pl\u00e1tano", "region": 1}, "model": "crdist.district", "pk": 520}, {"fields": {"code": "108005", "canton": 78, "name": "Ip\u00eds", "region": 1}, "model": "crdist.district", "pk": 521}, {"fields": {"code": "108006", "canton": 78, "name": "Rancho Redondo", "region": 1}, "model": "crdist.district", "pk": 522}, {"fields": {"code": "108007", "canton": 78, "name": "Purral", "region": 1}, "model": "crdist.district", "pk": 523}, {"fields": {"code": "607001", "canton": 39, "name": "Golfito", "region": 6}, "model": "crdist.district", "pk": 524}, {"fields": {"code": "607002", "canton": 39, "name": "Puerto Jim\u00e9nez", "region": 6}, "model": "crdist.district", "pk": 525}, {"fields": {"code": "607003", "canton": 39, "name": "Guaycar\u00e1", "region": 6}, "model": "crdist.district", "pk": 526}, {"fields": {"code": "607004", "canton": 39, "name": "Pav\u00f3n", "region": 6}, "model": "crdist.district", "pk": 527}, {"fields": {"code": "203001", "canton": 72, "name": "Grecia", "region": 1}, "model": "crdist.district", "pk": 528}, {"fields": {"code": "203002", "canton": 72, "name": "San Isidro", "region": 1}, "model": "crdist.district", "pk": 529}, {"fields": {"code": "203003", "canton": 72, "name": "San Jos\u00e9", "region": 1}, "model": "crdist.district", "pk": 530}, {"fields": {"code": "203004", "canton": 72, "name": "San Roque", "region": 1}, "model": "crdist.district", "pk": 531}, {"fields": {"code": "203005", "canton": 72, "name": "Tacares", "region": 1}, "model": "crdist.district", "pk": 532}, {"fields": {"code": "203006", "canton": 72, "name": "R\u00edo Cuarto", "region": 2}, "model": "crdist.district", "pk": 533}, {"fields": {"code": "203007", "canton": 72, "name": "Puente de Piedra", "region": 1}, "model": "crdist.district", "pk": 534}, {"fields": {"code": "203008", "canton": 72, "name": "Bol\u00edvar", "region": 1}, "model": "crdist.district", "pk": 535}, {"fields": {"code": "706001", "canton": 49, "name": "Gu\u00e1cimo", "region": 5}, "model": "crdist.district", "pk": 536}, {"fields": {"code": "706002", "canton": 49, "name": "Mercedes", "region": 5}, "model": "crdist.district", "pk": 537}, {"fields": {"code": "706003", "canton": 49, "name": "Pocora", "region": 5}, "model": "crdist.district", "pk": 538}, {"fields": {"code": "706004", "canton": 49, "name": "R\u00edo Jim\u00e9nez", "region": 5}, "model": "crdist.district", "pk": 539}, {"fields": {"code": "706005", "canton": 49, "name": "Duacar\u00ed", "region": 5}, "model": "crdist.district", "pk": 540}, {"fields": {"code": "215001", "canton": 60, "name": "San Rafael", "region": 2}, "model": "crdist.district", "pk": 541}, {"fields": {"code": "215002", "canton": 60, "name": "Buena Vista", "region": 2}, "model": "crdist.district", "pk": 542}, {"fields": {"code": "215003", "canton": 60, "name": "Cote", "region": 2}, "model": "crdist.district", "pk": 543}, {"fields": {"code": "401001", "canton": 8, "name": "Heredia", "region": 1}, "model": "crdist.district", "pk": 544}, {"fields": {"code": "401002", "canton": 8, "name": "Mercedes", "region": 1}, "model": "crdist.district", "pk": 545}, {"fields": {"code": "401003", "canton": 8, "name": "San Francisco", "region": 1}, "model": "crdist.district", "pk": 546}, {"fields": {"code": "401004", "canton": 8, "name": "Ulloa", "region": 1}, "model": "crdist.district", "pk": 547}, {"fields": {"code": "401005", "canton": 8, "name": "Vara Blanca", "region": 1}, "model": "crdist.district", "pk": 548}, {"fields": {"code": "511001", "canton": 32, "name": "Hojancha", "region": 4}, "model": "crdist.district", "pk": 549}, {"fields": {"code": "511003", "canton": 32, "name": "Puerto Carrillo", "region": 4}, "model": "crdist.district", "pk": 550}, {"fields": {"code": "511004", "canton": 32, "name": "Huacas", "region": 4}, "model": "crdist.district", "pk": 551}, {"fields": {"code": "304001", "canton": 3, "name": "Juan Vi\u00f1as", "region": 1}, "model": "crdist.district", "pk": 552}, {"fields": {"code": "106005", "canton": 28, "name": "Legua", "region": 1}, "model": "crdist.district", "pk": 553}, {"fields": {"code": "106006", "canton": 28, "name": "Monterrey", "region": 1}, "model": "crdist.district", "pk": 554}, {"fields": {"code": "303008", "canton": 2, "name": "R\u00edo Azul", "region": 1}, "model": "crdist.district", "pk": 555}, {"fields": {"code": "120001", "canton": 69, "name": "San Pablo", "region": 1}, "model": "crdist.district", "pk": 556}, {"fields": {"code": "120002", "canton": 69, "name": "San Andr\u00e9s", "region": 1}, "model": "crdist.district", "pk": 557}, {"fields": {"code": "120003", "canton": 69, "name": "Llano Bonito", "region": 1}, "model": "crdist.district", "pk": 558}, {"fields": {"code": "120004", "canton": 69, "name": "San Isidro", "region": 1}, "model": "crdist.district", "pk": 559}, {"fields": {"code": "120005", "canton": 69, "name": "Santa Cruz", "region": 1}, "model": "crdist.district", "pk": 560}, {"fields": {"code": "120006", "canton": 69, "name": "San Antonio", "region": 1}, "model": "crdist.district", "pk": 561}, {"fields": {"code": "501001", "canton": 24, "name": "Liberia", "region": 4}, "model": "crdist.district", "pk": 562}, {"fields": {"code": "501002", "canton": 24, "name": "Ca\u00f1as Dulces", "region": 4}, "model": "crdist.district", "pk": 563}, {"fields": {"code": "501003", "canton": 24, "name": "Mayorga", "region": 4}, "model": "crdist.district", "pk": 564}, {"fields": {"code": "501004", "canton": 24, "name": "Nacascolo", "region": 4}, "model": "crdist.district", "pk": 565}, {"fields": {"code": "501005", "canton": 24, "name": "Curuband\u00e9", "region": 4}, "model": "crdist.district", "pk": 566}, {"fields": {"code": "701001", "canton": 44, "name": "Lim\u00f3n", "region": 5}, "model": "crdist.district", "pk": 567}, {"fields": {"code": "502002", "canton": 25, "name": "Mansi\u00f3n", "region": 4}, "model": "crdist.district", "pk": 568}, {"fields": {"code": "502003", "canton": 25, "name": "San Antonio", "region": 4}, "model": "crdist.district", "pk": 569}, {"fields": {"code": "502004", "canton": 25, "name": "Quebrada Honda", "region": 4}, "model": "crdist.district", "pk": 570}, {"fields": {"code": "502005", "canton": 25, "name": "S\u00e1mara", "region": 4}, "model": "crdist.district", "pk": 571}, {"fields": {"code": "502006", "canton": 25, "name": "Nosara", "region": 4}, "model": "crdist.district", "pk": 572}, {"fields": {"code": "502007", "canton": 25, "name": "Bel\u00e9n de Nosarita", "region": 4}, "model": "crdist.district", "pk": 573}, {"fields": {"code": "307001", "canton": 6, "name": "San Rafael", "region": 1}, "model": "crdist.district", "pk": 574}, {"fields": {"code": "307002", "canton": 6, "name": "Cot", "region": 1}, "model": "crdist.district", "pk": 575}, {"fields": {"code": "307003", "canton": 6, "name": "Potrero Cerrado", "region": 1}, "model": "crdist.district", "pk": 576}, {"fields": {"code": "307004", "canton": 6, "name": "Cipreses", "region": 1}, "model": "crdist.district", "pk": 577}, {"fields": {"code": "209001", "canton": 15, "name": "Orotina", "region": 3}, "model": "crdist.district", "pk": 578}, {"fields": {"code": "209002", "canton": 15, "name": "El Mastate", "region": 3}, "model": "crdist.district", "pk": 579}, {"fields": {"code": "209003", "canton": 15, "name": "Hacienda Vieja", "region": 3}, "model": "crdist.district", "pk": 580}, {"fields": {"code": "209004", "canton": 15, "name": "Coyolar", "region": 3}, "model": "crdist.district", "pk": 581}, {"fields": {"code": "605001", "canton": 37, "name": "Puerto Cort\u00e9s", "region": 6}, "model": "crdist.district", "pk": 582}, {"fields": {"code": "605002", "canton": 37, "name": "Palmar", "region": 6}, "model": "crdist.district", "pk": 583}, {"fields": {"code": "605003", "canton": 37, "name": "Sierpe", "region": 6}, "model": "crdist.district", "pk": 584}, {"fields": {"code": "605004", "canton": 37, "name": "Bah\u00eda Ballena", "region": 6}, "model": "crdist.district", "pk": 585}, {"fields": {"code": "106007", "canton": 28, "name": "Salitrillos", "region": 1}, "model": "crdist.district", "pk": 586}, {"fields": {"code": "601009", "canton": 33, "name": "Monte Verde", "region": 3}, "model": "crdist.district", "pk": 587}, {"fields": {"code": "304003", "canton": 3, "name": "Pejibaye", "region": 1}, "model": "crdist.district", "pk": 588}, {"fields": {"code": "510001", "canton": 31, "name": "La Cruz", "region": 4}, "model": "crdist.district", "pk": 589}, {"fields": {"code": "510002", "canton": 31, "name": "Santa Cecilia", "region": 4}, "model": "crdist.district", "pk": 590}, {"fields": {"code": "510003", "canton": 31, "name": "La Garita", "region": 4}, "model": "crdist.district", "pk": 591}, {"fields": {"code": "303001", "canton": 2, "name": "Tres R\u00edos", "region": 1}, "model": "crdist.district", "pk": 592}, {"fields": {"code": "303002", "canton": 2, "name": "San Diego", "region": 1}, "model": "crdist.district", "pk": 593}, {"fields": {"code": "303003", "canton": 2, "name": "San Juan", "region": 1}, "model": "crdist.district", "pk": 594}, {"fields": {"code": "303004", "canton": 2, "name": "San Rafael", "region": 1}, "model": "crdist.district", "pk": 595}, {"fields": {"code": "303005", "canton": 2, "name": "Concepci\u00f3n", "region": 1}, "model": "crdist.district", "pk": 596}, {"fields": {"code": "303006", "canton": 2, "name": "Dulce Nombre", "region": 1}, "model": "crdist.district", "pk": 597}, {"fields": {"code": "304002", "canton": 3, "name": "Tucurrique", "region": 1}, "model": "crdist.district", "pk": 598}, {"fields": {"code": "106003", "canton": 28, "name": "Vuelta de Jorco", "region": 1}, "model": "crdist.district", "pk": 599}, {"fields": {"code": "601013", "canton": 33, "name": "Chira", "region": 3}, "model": "crdist.district", "pk": 600}, {"fields": {"code": "601014", "canton": 33, "name": "Acapulco", "region": 3}, "model": "crdist.district", "pk": 601}, {"fields": {"code": "601015", "canton": 33, "name": "El Roble", "region": 3}, "model": "crdist.district", "pk": 602}, {"fields": {"code": "601016", "canton": 33, "name": "Arancibia", "region": 3}, "model": "crdist.district", "pk": 603}, {"fields": {"code": "104001", "canton": 57, "name": "Santiago", "region": 1}, "model": "crdist.district", "pk": 604}, {"fields": {"code": "104002", "canton": 57, "name": "Mercedes Sur", "region": 1}, "model": "crdist.district", "pk": 605}, {"fields": {"code": "104003", "canton": 57, "name": "Barbacoas", "region": 1}, "model": "crdist.district", "pk": 606}, {"fields": {"code": "104004", "canton": 57, "name": "Grifo Alto", "region": 1}, "model": "crdist.district", "pk": 607}, {"fields": {"code": "104005", "canton": 57, "name": "San Rafael", "region": 1}, "model": "crdist.district", "pk": 608}, {"fields": {"code": "104006", "canton": 57, "name": "Candelarita", "region": 1}, "model": "crdist.district", "pk": 609}, {"fields": {"code": "104007", "canton": 57, "name": "Desamparaditos", "region": 1}, "model": "crdist.district", "pk": 610}, {"fields": {"code": "104008", "canton": 57, "name": "San Antonio", "region": 1}, "model": "crdist.district", "pk": 611}, {"fields": {"code": "210001", "canton": 16, "name": "Quesada", "region": 2}, "model": "crdist.district", "pk": 612}, {"fields": {"code": "210002", "canton": 16, "name": "Florencia", "region": 2}, "model": "crdist.district", "pk": 613}, {"fields": {"code": "210003", "canton": 16, "name": "Buena Vista", "region": 2}, "model": "crdist.district", "pk": 614}, {"fields": {"code": "210004", "canton": 16, "name": "Aguas Zarcas", "region": 2}, "model": "crdist.district", "pk": 615}, {"fields": {"code": "210005", "canton": 16, "name": "Venecia", "region": 2}, "model": "crdist.district", "pk": 616}, {"fields": {"code": "210006", "canton": 16, "name": "Pital", "region": 2}, "model": "crdist.district", "pk": 617}, {"fields": {"code": "301007", "canton": 61, "name": "Corralillo", "region": 1}, "model": "crdist.district", "pk": 618}, {"fields": {"code": "301008", "canton": 61, "name": "Tierra Blanca", "region": 1}, "model": "crdist.district", "pk": 619}, {"fields": {"code": "301009", "canton": 61, "name": "Dulce Nombre", "region": 1}, "model": "crdist.district", "pk": 620}, {"fields": {"code": "301010", "canton": 61, "name": "Llano Grande", "region": 1}, "model": "crdist.district", "pk": 621}, {"fields": {"code": "301011", "canton": 61, "name": "Quebradilla", "region": 1}, "model": "crdist.district", "pk": 622}, {"fields": {"code": "610001", "canton": 42, "name": "Corredor", "region": 6}, "model": "crdist.district", "pk": 623}, {"fields": {"code": "610002", "canton": 42, "name": "La Cuesta", "region": 6}, "model": "crdist.district", "pk": 624}, {"fields": {"code": "610003", "canton": 42, "name": "Paso Canoas", "region": 6}, "model": "crdist.district", "pk": 625}, {"fields": {"code": "610004", "canton": 42, "name": "Laurel", "region": 6}, "model": "crdist.district", "pk": 626}, {"fields": {"code": "608001", "canton": 40, "name": "San Vito", "region": 6}, "model": "crdist.district", "pk": 627}, {"fields": {"code": "608002", "canton": 40, "name": "Sabalito", "region": 6}, "model": "crdist.district", "pk": 628}, {"fields": {"code": "608003", "canton": 40, "name": "Aguabuena", "region": 6}, "model": "crdist.district", "pk": 629}, {"fields": {"code": "608004", "canton": 40, "name": "Limoncito", "region": 6}, "model": "crdist.district", "pk": 630}, {"fields": {"code": "608005", "canton": 40, "name": "Pittier", "region": 6}, "model": "crdist.district", "pk": 631}, {"fields": {"code": "210007", "canton": 16, "name": "La Fortuna", "region": 2}, "model": "crdist.district", "pk": 632}, {"fields": {"code": "210008", "canton": 16, "name": "La Tigra", "region": 2}, "model": "crdist.district", "pk": 633}, {"fields": {"code": "210010", "canton": 16, "name": "Venado", "region": 2}, "model": "crdist.district", "pk": 634}, {"fields": {"code": "106004", "canton": 28, "name": "San Gabriel", "region": 1}, "model": "crdist.district", "pk": 635}, {"fields": {"code": "301001", "canton": 61, "name": "Oriental", "region": 1}, "model": "crdist.district", "pk": 636}, {"fields": {"code": "301002", "canton": 61, "name": "Occidental", "region": 1}, "model": "crdist.district", "pk": 637}, {"fields": {"code": "705001", "canton": 48, "name": "Matina", "region": 5}, "model": "crdist.district", "pk": 638}, {"fields": {"code": "201004", "canton": 70, "name": "San Antonio", "region": 1}, "model": "crdist.district", "pk": 639}, {"fields": {"code": "201005", "canton": 70, "name": "Gu\u00e1cima", "region": 1}, "model": "crdist.district", "pk": 640}, {"fields": {"code": "201006", "canton": 70, "name": "San Isidro", "region": 1}, "model": "crdist.district", "pk": 641}, {"fields": {"code": "201007", "canton": 70, "name": "Sabanilla", "region": 1}, "model": "crdist.district", "pk": 642}, {"fields": {"code": "201008", "canton": 70, "name": "San Rafael", "region": 1}, "model": "crdist.district", "pk": 643}, {"fields": {"code": "201009", "canton": 70, "name": "R\u00edo Segundo", "region": 1}, "model": "crdist.district", "pk": 644}, {"fields": {"code": "201010", "canton": 70, "name": "Desamparados", "region": 1}, "model": "crdist.district", "pk": 645}, {"fields": {"code": "201011", "canton": 70, "name": "Turr\u00facares", "region": 1}, "model": "crdist.district", "pk": 646}, {"fields": {"code": "201012", "canton": 70, "name": "Tambor", "region": 1}, "model": "crdist.district", "pk": 647}, {"fields": {"code": "201013", "canton": 70, "name": "Garita", "region": 1}, "model": "crdist.district", "pk": 648}, {"fields": {"code": "201014", "canton": 70, "name": "Sarapiqu\u00ed", "region": 1}, "model": "crdist.district", "pk": 649}, {"fields": {"code": "110001", "canton": 80, "name": "Alajuelita", "region": 1}, "model": "crdist.district", "pk": 650}, {"fields": {"code": "110002", "canton": 80, "name": "San Josecito", "region": 1}, "model": "crdist.district", "pk": 651}, {"fields": {"code": "601010", "canton": 33, "name": "Isla del Coco", "region": 3}, "model": "crdist.district", "pk": 652}, {"fields": {"code": "601011", "canton": 33, "name": "C\u00f3bano", "region": 3}, "model": "crdist.district", "pk": 653}, {"fields": {"code": "601012", "canton": 33, "name": "Chacarita", "region": 3}, "model": "crdist.district", "pk": 654}, {"fields": {"code": "101006", "canton": 54, "name": "San Francisco de Dos R\u00edos", "region": 1}, "model": "crdist.district", "pk": 655}, {"fields": {"code": "101008", "canton": 54, "name": "Mata Redonda", "region": 1}, "model": "crdist.district", "pk": 656}, {"fields": {"code": "101010", "canton": 54, "name": "Hatillo", "region": 1}, "model": "crdist.district", "pk": 657}, {"fields": {"code": "101011", "canton": 54, "name": "San Sebasti\u00e1n", "region": 1}, "model": "crdist.district", "pk": 658}, {"fields": {"code": "204001", "canton": 73, "name": "San Mateo", "region": 3}, "model": "crdist.district", "pk": 659}, {"fields": {"code": "202005", "canton": 71, "name": "Piedades Sur", "region": 1}, "model": "crdist.district", "pk": 660}, {"fields": {"code": "202006", "canton": 71, "name": "San Rafael", "region": 1}, "model": "crdist.district", "pk": 661}, {"fields": {"code": "202007", "canton": 71, "name": "San Isidro", "region": 1}, "model": "crdist.district", "pk": 662}, {"fields": {"code": "202008", "canton": 71, "name": "\u00c1ngeles", "region": 1}, "model": "crdist.district", "pk": 663}, {"fields": {"code": "202010", "canton": 71, "name": "Volio", "region": 1}, "model": "crdist.district", "pk": 664}, {"fields": {"code": "202011", "canton": 71, "name": "Concepci\u00f3n", "region": 1}, "model": "crdist.district", "pk": 665}, {"fields": {"code": "202012", "canton": 71, "name": "Zapotal", "region": 1}, "model": "crdist.district", "pk": 666}, {"fields": {"code": "202013", "canton": 71, "name": "Pe\u00f1as Blancas", "region": 2}, "model": "crdist.district", "pk": 667}, {"fields": {"code": "109001", "canton": 79, "name": "Santa Ana", "region": 1}, "model": "crdist.district", "pk": 668}, {"fields": {"code": "109002", "canton": 79, "name": "Salitral", "region": 1}, "model": "crdist.district", "pk": 669}, {"fields": {"code": "109003", "canton": 79, "name": "Pozos", "region": 1}, "model": "crdist.district", "pk": 670}, {"fields": {"code": "109004", "canton": 79, "name": "Uruca", "region": 1}, "model": "crdist.district", "pk": 671}, {"fields": {"code": "109006", "canton": 79, "name": "Brasil", "region": 1}, "model": "crdist.district", "pk": 672}, {"fields": {"code": "404001", "canton": 11, "name": "Santa B\u00e1rbara", "region": 1}, "model": "crdist.district", "pk": 673}, {"fields": {"code": "404002", "canton": 11, "name": "San Pedro", "region": 1}, "model": "crdist.district", "pk": 674}, {"fields": {"code": "404003", "canton": 11, "name": "San Juan", "region": 1}, "model": "crdist.district", "pk": 675}, {"fields": {"code": "301005", "canton": 61, "name": "Aguacaliente o San Francisco", "region": 1}, "model": "crdist.district", "pk": 676}, {"fields": {"code": "404004", "canton": 11, "name": "Jes\u00fas", "region": 1}, "model": "crdist.district", "pk": 677}, {"fields": {"code": "404005", "canton": 11, "name": "Santo Domingo", "region": 1}, "model": "crdist.district", "pk": 678}, {"fields": {"code": "404006", "canton": 11, "name": "Purab\u00e1", "region": 1}, "model": "crdist.district", "pk": 679}, {"fields": {"code": "503001", "canton": 26, "name": "Santa Cruz", "region": 4}, "model": "crdist.district", "pk": 680}, {"fields": {"code": "503002", "canton": 26, "name": "Bols\u00f3n", "region": 4}, "model": "crdist.district", "pk": 681}, {"fields": {"code": "503003", "canton": 26, "name": "Veintisiete de abril", "region": 4}, "model": "crdist.district", "pk": 682}, {"fields": {"code": "111005", "canton": 58, "name": "Cascajal", "region": 1}, "model": "crdist.district", "pk": 683}, {"fields": {"code": "602003", "canton": 34, "name": "Macacona", "region": 3}, "model": "crdist.district", "pk": 684}, {"fields": {"code": "602004", "canton": 34, "name": "San Rafael", "region": 3}, "model": "crdist.district", "pk": 685}, {"fields": {"code": "602005", "canton": 34, "name": "San Jer\u00f3nimo", "region": 3}, "model": "crdist.district", "pk": 686}, {"fields": {"code": "408001", "canton": 21, "name": "San Joaqu\u00edn", "region": 1}, "model": "crdist.district", "pk": 687}, {"fields": {"code": "408002", "canton": 21, "name": "Barrantes", "region": 1}, "model": "crdist.district", "pk": 688}, {"fields": {"code": "408003", "canton": 21, "name": "Llorente", "region": 1}, "model": "crdist.district", "pk": 689}, {"fields": {"code": "611001", "canton": 43, "name": "Jac\u00f3", "region": 3}, "model": "crdist.district", "pk": 690}, {"fields": {"code": "108001", "canton": 78, "name": "Guadalupe", "region": 1}, "model": "crdist.district", "pk": 691}, {"fields": {"code": "503004", "canton": 26, "name": "Tempate", "region": 4}, "model": "crdist.district", "pk": 692}, {"fields": {"code": "503005", "canton": 26, "name": "Cartagena", "region": 4}, "model": "crdist.district", "pk": 693}, {"fields": {"code": "101007", "canton": 54, "name": "Uruca", "region": 1}, "model": "crdist.district", "pk": 694}, {"fields": {"code": "503006", "canton": 26, "name": "Cuajiniquil", "region": 4}, "model": "crdist.district", "pk": 695}, {"fields": {"code": "113004", "canton": 62, "name": "LE\u00d3N XIII", "region": 1}, "model": "crdist.district", "pk": 696}, {"fields": {"code": "503008", "canton": 26, "name": "Cabo Velas", "region": 4}, "model": "crdist.district", "pk": 697}, {"fields": {"code": "503009", "canton": 26, "name": "Tamarindo", "region": 4}, "model": "crdist.district", "pk": 698}, {"fields": {"code": "403001", "canton": 10, "name": "Santo Domingo", "region": 1}, "model": "crdist.district", "pk": 699}, {"fields": {"code": "403002", "canton": 10, "name": "San Vicente", "region": 1}, "model": "crdist.district", "pk": 700}, {"fields": {"code": "604001", "canton": 36, "name": "Miramar", "region": 3}, "model": "crdist.district", "pk": 701}, {"fields": {"code": "117001", "canton": 66, "name": "Santa Mar\u00eda", "region": 1}, "model": "crdist.district", "pk": 702}, {"fields": {"code": "117002", "canton": 66, "name": "Jard\u00edn", "region": 1}, "model": "crdist.district", "pk": 703}, {"fields": {"code": "117003", "canton": 66, "name": "Copey", "region": 1}, "model": "crdist.district", "pk": 704}, {"fields": {"code": "308001", "canton": 7, "name": "El Tejar", "region": 1}, "model": "crdist.district", "pk": 705}, {"fields": {"code": "308002", "canton": 7, "name": "San Isidro", "region": 1}, "model": "crdist.district", "pk": 706}, {"fields": {"code": "308003", "canton": 7, "name": "Tobosi", "region": 1}, "model": "crdist.district", "pk": 707}, {"fields": {"code": "308004", "canton": 7, "name": "Patio de Agua", "region": 1}, "model": "crdist.district", "pk": 708}, {"fields": {"code": "102001", "canton": 55, "name": "Escaz\u00fa", "region": 1}, "model": "crdist.district", "pk": 709}, {"fields": {"code": "102002", "canton": 55, "name": "San Antonio", "region": 1}, "model": "crdist.district", "pk": 710}, {"fields": {"code": "102003", "canton": 55, "name": "San Rafael", "region": 1}, "model": "crdist.district", "pk": 711}, {"fields": {"code": "602001", "canton": 34, "name": "Esp\u00edritu Santo", "region": 3}, "model": "crdist.district", "pk": 712}, {"fields": {"code": "602002", "canton": 34, "name": "San Juan Grande", "region": 3}, "model": "crdist.district", "pk": 713}, {"fields": {"code": "303007", "canton": 2, "name": "San Ram\u00f3n", "region": 1}, "model": "crdist.district", "pk": 714}, {"fields": {"code": "402002", "canton": 9, "name": "San Pedro", "region": 1}, "model": "crdist.district", "pk": 715}, {"fields": {"code": "402003", "canton": 9, "name": "San Pablo", "region": 1}, "model": "crdist.district", "pk": 716}, {"fields": {"code": "402004", "canton": 9, "name": "San Roque", "region": 1}, "model": "crdist.district", "pk": 717}, {"fields": {"code": "402005", "canton": 9, "name": "Santa Luc\u00eda", "region": 1}, "model": "crdist.district", "pk": 718}, {"fields": {"code": "402006", "canton": 9, "name": "San Jos\u00e9 de la Monta\u00f1a", "region": 1}, "model": "crdist.district", "pk": 719}, {"fields": {"code": "407001", "canton": 14, "name": "San Antonio", "region": 1}, "model": "crdist.district", "pk": 720}, {"fields": {"code": "407002", "canton": 14, "name": "La Ribera", "region": 1}, "model": "crdist.district", "pk": 721}, {"fields": {"code": "407003", "canton": 14, "name": "La Asunci\u00f3n", "region": 1}, "model": "crdist.district", "pk": 722}, {"fields": {"code": "603001", "canton": 35, "name": "Buenos Aires", "region": 6}, "model": "crdist.district", "pk": 723}, {"fields": {"code": "603002", "canton": 35, "name": "Volc\u00e1n", "region": 6}, "model": "crdist.district", "pk": 724}, {"fields": {"code": "603003", "canton": 35, "name": "Potrero Grande", "region": 6}, "model": "crdist.district", "pk": 725}, {"fields": {"code": "603004", "canton": 35, "name": "Boruca", "region": 6}, "model": "crdist.district", "pk": 726}, {"fields": {"code": "603005", "canton": 35, "name": "Pilas", "region": 6}, "model": "crdist.district", "pk": 727}, {"fields": {"code": "603006", "canton": 35, "name": "Colinas", "region": 6}, "model": "crdist.district", "pk": 728}, {"fields": {"code": "603008", "canton": 35, "name": "Biolley", "region": 6}, "model": "crdist.district", "pk": 729}, {"fields": {"code": "603009", "canton": 35, "name": "Brunka", "region": 6}, "model": "crdist.district", "pk": 730}, {"fields": {"code": "506001", "canton": 50, "name": "Ca\u00f1as", "region": 4}, "model": "crdist.district", "pk": 731}, {"fields": {"code": "506002", "canton": 50, "name": "Palmira", "region": 4}, "model": "crdist.district", "pk": 732}, {"fields": {"code": "506003", "canton": 50, "name": "San Miguel", "region": 4}, "model": "crdist.district", "pk": 733}, {"fields": {"code": "506004", "canton": 50, "name": "Bebedero", "region": 4}, "model": "crdist.district", "pk": 734}, {"fields": {"code": "506005", "canton": 50, "name": "Porozal", "region": 4}, "model": "crdist.district", "pk": 735}, {"fields": {"code": "505001", "canton": 52, "name": "Filadelfia", "region": 4}, "model": "crdist.district", "pk": 736}, {"fields": {"code": "505002", "canton": 52, "name": "Palmira", "region": 4}, "model": "crdist.district", "pk": 737}, {"fields": {"code": "505003", "canton": 52, "name": "Sardinal", "region": 4}, "model": "crdist.district", "pk": 738}, {"fields": {"code": "505004", "canton": 52, "name": "Bel\u00e9n", "region": 4}, "model": "crdist.district", "pk": 739}, {"fields": {"code": "410002", "canton": 23, "name": "La Virgen", "region": 1}, "model": "crdist.district", "pk": 740}, {"fields": {"code": "410003", "canton": 23, "name": "Las Horquetas", "region": 1}, "model": "crdist.district", "pk": 741}, {"fields": {"code": "410004", "canton": 23, "name": "Llanuras del Gaspar", "region": 1}, "model": "crdist.district", "pk": 742}, {"fields": {"code": "410005", "canton": 23, "name": "Cure\u00f1a", "region": 1}, "model": "crdist.district", "pk": 743}, {"fields": {"code": "703001", "canton": 46, "name": "Siquirres", "region": 5}, "model": "crdist.district", "pk": 744}, {"fields": {"code": "703002", "canton": 46, "name": "Pacuarito", "region": 5}, "model": "crdist.district", "pk": 745}, {"fields": {"code": "703003", "canton": 46, "name": "Florida", "region": 5}, "model": "crdist.district", "pk": 746}, {"fields": {"code": "703004", "canton": 46, "name": "Germania", "region": 5}, "model": "crdist.district", "pk": 747}, {"fields": {"code": "703005", "canton": 46, "name": "El Cairo", "region": 5}, "model": "crdist.district", "pk": 748}, {"fields": {"code": "704001", "canton": 47, "name": "Bratsi", "region": 5}, "model": "crdist.district", "pk": 749}, {"fields": {"code": "704002", "canton": 47, "name": "Sixaola", "region": 5}, "model": "crdist.district", "pk": 750}, {"fields": {"code": "704003", "canton": 47, "name": "Cahuita", "region": 5}, "model": "crdist.district", "pk": 751}, {"fields": {"code": "105001", "canton": 27, "name": "San Marcos", "region": 1}, "model": "crdist.district", "pk": 752}, {"fields": {"code": "105002", "canton": 27, "name": "San Lorenzo", "region": 1}, "model": "crdist.district", "pk": 753}, {"fields": {"code": "105003", "canton": 27, "name": "San Carlos", "region": 1}, "model": "crdist.district", "pk": 754}, {"fields": {"code": "113001", "canton": 62, "name": "San Juan", "region": 1}, "model": "crdist.district", "pk": 755}, {"fields": {"code": "113002", "canton": 62, "name": "Cinco Esquinas", "region": 1}, "model": "crdist.district", "pk": 756}, {"fields": {"code": "113003", "canton": 62, "name": "Anselmo Llorente", "region": 1}, "model": "crdist.district", "pk": 757}, {"fields": {"code": "113005", "canton": 62, "name": "Colima", "region": 1}, "model": "crdist.district", "pk": 758}, {"fields": {"code": "508001", "canton": 20, "name": "Tilar\u00e1n", "region": 4}, "model": "crdist.district", "pk": 759}, {"fields": {"code": "508002", "canton": 20, "name": "Quebrada Grande", "region": 4}, "model": "crdist.district", "pk": 760}, {"fields": {"code": "508003", "canton": 20, "name": "Tronadora", "region": 4}, "model": "crdist.district", "pk": 761}, {"fields": {"code": "508004", "canton": 20, "name": "Santa Rosa", "region": 4}, "model": "crdist.district", "pk": 762}, {"fields": {"code": "508005", "canton": 20, "name": "L\u00edbano", "region": 4}, "model": "crdist.district", "pk": 763}, {"fields": {"code": "508006", "canton": 20, "name": "Tierras Morenas", "region": 4}, "model": "crdist.district", "pk": 764}, {"fields": {"code": "508007", "canton": 20, "name": "Arenal", "region": 4}, "model": "crdist.district", "pk": 765}, {"fields": {"code": "305001", "canton": 4, "name": "Turrialba", "region": 1}, "model": "crdist.district", "pk": 766}, {"fields": {"code": "305002", "canton": 4, "name": "La Suiza", "region": 1}, "model": "crdist.district", "pk": 767}, {"fields": {"code": "305003", "canton": 4, "name": "Peralta", "region": 1}, "model": "crdist.district", "pk": 768}, {"fields": {"code": "305005", "canton": 4, "name": "Santa Teresita", "region": 1}, "model": "crdist.district", "pk": 769}, {"fields": {"code": "305006", "canton": 4, "name": "Pavones", "region": 1}, "model": "crdist.district", "pk": 770}, {"fields": {"code": "305007", "canton": 4, "name": "Tuis", "region": 1}, "model": "crdist.district", "pk": 771}, {"fields": {"code": "305008", "canton": 4, "name": "Tayutic", "region": 1}, "model": "crdist.district", "pk": 772}, {"fields": {"code": "305009", "canton": 4, "name": "Santa Rosa", "region": 1}, "model": "crdist.district", "pk": 773}, {"fields": {"code": "305010", "canton": 4, "name": "Tres Equis", "region": 1}, "model": "crdist.district", "pk": 774}, {"fields": {"code": "116001", "canton": 65, "name": "San Pablo", "region": 1}, "model": "crdist.district", "pk": 775}, {"fields": {"code": "116002", "canton": 65, "name": "San Pedro", "region": 1}, "model": "crdist.district", "pk": 776}, {"fields": {"code": "116003", "canton": 65, "name": "San Juan de Mata", "region": 1}, "model": "crdist.district", "pk": 777}, {"fields": {"code": "116004", "canton": 65, "name": "San Luis", "region": 1}, "model": "crdist.district", "pk": 778}, {"fields": {"code": "212001", "canton": 18, "name": "Sarch\u00ed Norte", "region": 1}, "model": "crdist.district", "pk": 779}, {"fields": {"code": "212002", "canton": 18, "name": "Sarch\u00ed Sur", "region": 1}, "model": "crdist.district", "pk": 780}, {"fields": {"code": "212003", "canton": 18, "name": "Toro Amarillo", "region": 1}, "model": "crdist.district", "pk": 781}, {"fields": {"code": "212004", "canton": 18, "name": "San Pedro", "region": 1}, "model": "crdist.district", "pk": 782}, {"fields": {"code": "212005", "canton": 18, "name": "Rodr\u00edguez", "region": 1}, "model": "crdist.district", "pk": 783}, {"fields": {"code": "111001", "canton": 58, "name": "San Isidro", "region": 1}, "model": "crdist.district", "pk": 784}, {"fields": {"code": "111002", "canton": 58, "name": "San Rafael", "region": 1}, "model": "crdist.district", "pk": 785}, {"fields": {"code": "111003", "canton": 58, "name": "Dulce Nombre de Jes\u00fas", "region": 1}, "model": "crdist.district", "pk": 786}, {"fields": {"code": "115002", "canton": 64, "name": "Sabanilla", "region": 1}, "model": "crdist.district", "pk": 787}, {"fields": {"code": "115003", "canton": 64, "name": "Mercedes", "region": 1}, "model": "crdist.district", "pk": 788}, {"fields": {"code": "115004", "canton": 64, "name": "San Rafael", "region": 1}, "model": "crdist.district", "pk": 789}, {"fields": {"code": "604002", "canton": 36, "name": "La Uni\u00f3n", "region": 3}, "model": "crdist.district", "pk": 790}, {"fields": {"code": "604003", "canton": 36, "name": "San Isidro", "region": 3}, "model": "crdist.district", "pk": 791}, {"fields": {"code": "107001", "canton": 29, "name": "Ciudad Col\u00f3n", "region": 1}, "model": "crdist.district", "pk": 792}, {"fields": {"code": "107002", "canton": 29, "name": "Guayabo", "region": 1}, "model": "crdist.district", "pk": 793}, {"fields": {"code": "107003", "canton": 29, "name": "Tabarcia", "region": 1}, "model": "crdist.district", "pk": 794}, {"fields": {"code": "107004", "canton": 29, "name": "Piedras Negras", "region": 1}, "model": "crdist.district", "pk": 795}, {"fields": {"code": "107005", "canton": 29, "name": "Picagres", "region": 1}, "model": "crdist.district", "pk": 796}, {"fields": {"code": "114001", "canton": 63, "name": "San Vicente", "region": 1}, "model": "crdist.district", "pk": 797}, {"fields": {"code": "114002", "canton": 63, "name": "San Jer\u00f3nimo", "region": 1}, "model": "crdist.district", "pk": 798}, {"fields": {"code": "114003", "canton": 63, "name": "La Trinidad", "region": 1}, "model": "crdist.district", "pk": 799}, {"fields": {"code": "509001", "canton": 30, "name": "Carmona", "region": 4}, "model": "crdist.district", "pk": 800}, {"fields": {"code": "509002", "canton": 30, "name": "Santa Rita", "region": 4}, "model": "crdist.district", "pk": 801}, {"fields": {"code": "509003", "canton": 30, "name": "Zapotal", "region": 4}, "model": "crdist.district", "pk": 802}, {"fields": {"code": "509004", "canton": 30, "name": "San Pablo", "region": 4}, "model": "crdist.district", "pk": 803}, {"fields": {"code": "109009", "canton": 79, "name": "LOS GUIDO", "region": 1}, "model": "crdist.district", "pk": 804}, {"fields": {"code": "101003", "canton": 54, "name": "Hospital", "region": 1}, "model": "crdist.district", "pk": 805}, {"fields": {"code": "511002", "canton": 32, "name": "Monte Romo", "region": 4}, "model": "crdist.district", "pk": 806}, {"fields": {"code": "307005", "canton": 6, "name": "Santa Rosa", "region": 1}, "model": "crdist.district", "pk": 807}, {"fields": {"code": "209005", "canton": 15, "name": "La Ceiba", "region": 3}, "model": "crdist.district", "pk": 808}, {"fields": {"code": "510004", "canton": 31, "name": "Santa Elena", "region": 4}, "model": "crdist.district", "pk": 809}, {"fields": {"code": "301006", "canton": 61, "name": "Guadalupe o Arenilla", "region": 1}, "model": "crdist.district", "pk": 810}, {"fields": {"code": "210009", "canton": 16, "name": "La Palmera", "region": 2}, "model": "crdist.district", "pk": 811}, {"fields": {"code": "109005", "canton": 79, "name": "Piedades", "region": 1}, "model": "crdist.district", "pk": 812}, {"fields": {"code": "611002", "canton": 43, "name": "T\u00e1rcoles", "region": 3}, "model": "crdist.district", "pk": 813}, {"fields": {"code": "503007", "canton": 26, "name": "Diri\u00e1", "region": 4}, "model": "crdist.district", "pk": 814}, {"fields": {"code": "603007", "canton": 35, "name": "Ch\u00e1nguena", "region": 6}, "model": "crdist.district", "pk": 815}, {"fields": {"code": "703006", "canton": 46, "name": "La Alegr\u00eda", "region": 5}, "model": "crdist.district", "pk": 816}, {"fields": {"code": "305004", "canton": 4, "name": "Santa Cruz", "region": 1}, "model": "crdist.district", "pk": 817}, {"fields": {"code": "205002", "canton": 74, "name": "Jes\u00fas", "region": 1}, "model": "crdist.district", "pk": 818}, {"fields": {"code": "205003", "canton": 74, "name": "Mercedes", "region": 1}, "model": "crdist.district", "pk": 819}, {"fields": {"code": "205004", "canton": 74, "name": "San Isidro", "region": 1}, "model": "crdist.district", "pk": 820}, {"fields": {"code": "205005", "canton": 74, "name": "Concepci\u00f3n", "region": 1}, "model": "crdist.district", "pk": 821}, {"fields": {"code": "205006", "canton": 74, "name": "San Jos\u00e9", "region": 1}, "model": "crdist.district", "pk": 822}, {"fields": {"code": "205007", "canton": 74, "name": "Santa Eulalia", "region": 1}, "model": "crdist.district", "pk": 823}, {"fields": {"code": "504001", "canton": 51, "name": "Bagaces", "region": 4}, "model": "crdist.district", "pk": 824}, {"fields": {"code": "504002", "canton": 51, "name": "La Fortuna", "region": 4}, "model": "crdist.district", "pk": 825}, {"fields": {"code": "504003", "canton": 51, "name": "Mogote", "region": 4}, "model": "crdist.district", "pk": 826}, {"fields": {"code": "504004", "canton": 51, "name": "R\u00edo Naranjo", "region": 4}, "model": "crdist.district", "pk": 827}, {"fields": {"code": "402001", "canton": 9, "name": "Barva", "region": 1}, "model": "crdist.district", "pk": 828}, {"fields": {"code": "605005", "canton": 37, "name": "Piedras Blancas", "region": 6}, "model": "crdist.district", "pk": 829}, {"fields": {"code": "207001", "canton": 76, "name": "Palmares", "region": 1}, "model": "crdist.district", "pk": 830}, {"fields": {"code": "207002", "canton": 76, "name": "Zaragoza", "region": 1}, "model": "crdist.district", "pk": 831}, {"fields": {"code": "207003", "canton": 76, "name": "Buenos Aires", "region": 1}, "model": "crdist.district", "pk": 832}, {"fields": {"code": "207004", "canton": 76, "name": "Santiago", "region": 1}, "model": "crdist.district", "pk": 833}, {"fields": {"code": "207005", "canton": 76, "name": "Candelaria", "region": 1}, "model": "crdist.district", "pk": 834}, {"fields": {"code": "207006", "canton": 76, "name": "Esquipulas", "region": 1}, "model": "crdist.district", "pk": 835}, {"fields": {"code": "207007", "canton": 76, "name": "La Granja", "region": 1}, "model": "crdist.district", "pk": 836}, {"fields": {"code": "302002", "canton": 1, "name": "Santiago", "region": 1}, "model": "crdist.district", "pk": 837}, {"fields": {"code": "302003", "canton": 1, "name": "Orosi", "region": 1}, "model": "crdist.district", "pk": 838}, {"fields": {"code": "302004", "canton": 1, "name": "Cach\u00ed", "region": 1}, "model": "crdist.district", "pk": 839}, {"fields": {"code": "609001", "canton": 41, "name": "Parrita", "region": 3}, "model": "crdist.district", "pk": 840}, {"fields": {"code": "119001", "canton": 68, "name": "San Isidro de El General", "region": 6}, "model": "crdist.district", "pk": 841}, {"fields": {"code": "119004", "canton": 68, "name": "Rivas", "region": 6}, "model": "crdist.district", "pk": 842}, {"fields": {"code": "119005", "canton": 68, "name": "San Pedro", "region": 6}, "model": "crdist.district", "pk": 843}, {"fields": {"code": "119006", "canton": 68, "name": "Pl\u00e1tanares", "region": 6}, "model": "crdist.district", "pk": 844}, {"fields": {"code": "119007", "canton": 68, "name": "Pejibaye", "region": 6}, "model": "crdist.district", "pk": 845}, {"fields": {"code": "119008", "canton": 68, "name": "Caj\u00f3n", "region": 6}, "model": "crdist.district", "pk": 846}, {"fields": {"code": "119009", "canton": 68, "name": "Bar\u00fa", "region": 6}, "model": "crdist.district", "pk": 847}, {"fields": {"code": "119010", "canton": 68, "name": "R\u00edo Nuevo", "region": 6}, "model": "crdist.district", "pk": 848}, {"fields": {"code": "119011", "canton": 68, "name": "P\u00e1ramo", "region": 6}, "model": "crdist.district", "pk": 849}, {"fields": {"code": "208001", "canton": 77, "name": "San Pedro", "region": 1}, "model": "crdist.district", "pk": 850}, {"fields": {"code": "208002", "canton": 77, "name": "San Juan", "region": 1}, "model": "crdist.district", "pk": 851}, {"fields": {"code": "208003", "canton": 77, "name": "San Rafael", "region": 1}, "model": "crdist.district", "pk": 852}, {"fields": {"code": "208004", "canton": 77, "name": "Carrillos", "region": 1}, "model": "crdist.district", "pk": 853}, {"fields": {"code": "208005", "canton": 77, "name": "Sabana Redonda", "region": 1}, "model": "crdist.district", "pk": 854}, {"fields": {"code": "702001", "canton": 45, "name": "Gu\u00e1piles", "region": 5}, "model": "crdist.district", "pk": 855}, {"fields": {"code": "702002", "canton": 45, "name": "Jim\u00e9nez", "region": 5}, "model": "crdist.district", "pk": 856}, {"fields": {"code": "702003", "canton": 45, "name": "Rita", "region": 5}, "model": "crdist.district", "pk": 857}, {"fields": {"code": "702004", "canton": 45, "name": "Roxana", "region": 5}, "model": "crdist.district", "pk": 858}, {"fields": {"code": "702005", "canton": 45, "name": "Cariari", "region": 5}, "model": "crdist.district", "pk": 859}, {"fields": {"code": "702006", "canton": 45, "name": "Colorado", "region": 5}, "model": "crdist.district", "pk": 860}, {"fields": {"code": "601001", "canton": 33, "name": "Puntarenas", "region": 3}, "model": "crdist.district", "pk": 861}, {"fields": {"code": "601002", "canton": 33, "name": "Pitahaya", "region": 3}, "model": "crdist.district", "pk": 862}, {"fields": {"code": "601003", "canton": 33, "name": "Chomes", "region": 3}, "model": "crdist.district", "pk": 863}, {"fields": {"code": "601004", "canton": 33, "name": "Lepanto", "region": 3}, "model": "crdist.district", "pk": 864}, {"fields": {"code": "601005", "canton": 33, "name": "Paquera", "region": 3}, "model": "crdist.district", "pk": 865}, {"fields": {"code": "601007", "canton": 33, "name": "Guacimal", "region": 3}, "model": "crdist.district", "pk": 866}, {"fields": {"code": "601008", "canton": 33, "name": "Barranca", "region": 3}, "model": "crdist.district", "pk": 867}, {"fields": {"code": "118001", "canton": 67, "name": "Curridabat", "region": 1}, "model": "crdist.district", "pk": 868}, {"fields": {"code": "118002", "canton": 67, "name": "Granadilla", "region": 1}, "model": "crdist.district", "pk": 869}, {"fields": {"code": "118003", "canton": 67, "name": "S\u00e1nchez", "region": 1}, "model": "crdist.district", "pk": 870}, {"fields": {"code": "118004", "canton": 67, "name": "Tirrases", "region": 1}, "model": "crdist.district", "pk": 871}, {"fields": {"code": "104009", "canton": 57, "name": "Chires", "region": 1}, "model": "crdist.district", "pk": 872}, {"fields": {"code": "103001", "canton": 56, "name": "Desamparados", "region": 1}, "model": "crdist.district", "pk": 873}, {"fields": {"code": "103002", "canton": 56, "name": "San Miguel", "region": 1}, "model": "crdist.district", "pk": 874}, {"fields": {"code": "103003", "canton": 56, "name": "San Juan de Dios", "region": 1}, "model": "crdist.district", "pk": 875}, {"fields": {"code": "103004", "canton": 56, "name": "San Rafael Arriba", "region": 1}, "model": "crdist.district", "pk": 876}, {"fields": {"code": "103005", "canton": 56, "name": "San Antonio", "region": 1}, "model": "crdist.district", "pk": 877}, {"fields": {"code": "103006", "canton": 56, "name": "Frailes", "region": 1}, "model": "crdist.district", "pk": 878}, {"fields": {"code": "103007", "canton": 56, "name": "Patarr\u00e1", "region": 1}, "model": "crdist.district", "pk": 879}, {"fields": {"code": "103008", "canton": 56, "name": "San Crist\u00f3bal", "region": 1}, "model": "crdist.district", "pk": 880}, {"fields": {"code": "103009", "canton": 56, "name": "Rosario", "region": 1}, "model": "crdist.district", "pk": 881}, {"fields": {"code": "103010", "canton": 56, "name": "Damas", "region": 1}, "model": "crdist.district", "pk": 882}, {"fields": {"code": "103011", "canton": 56, "name": "San Rafael Abajo", "region": 1}, "model": "crdist.district", "pk": 883}, {"fields": {"code": "103012", "canton": 56, "name": "Gravilias", "region": 1}, "model": "crdist.district", "pk": 884}, {"fields": {"code": "211004", "canton": 17, "name": "Guadalupe", "region": 1}, "model": "crdist.district", "pk": 885}, {"fields": {"code": "211005", "canton": 17, "name": "Palmira", "region": 1}, "model": "crdist.district", "pk": 886}, {"fields": {"code": "211006", "canton": 17, "name": "Zapote", "region": 1}, "model": "crdist.district", "pk": 887}, {"fields": {"code": "211007", "canton": 17, "name": "Brisas", "region": 1}, "model": "crdist.district", "pk": 888}, {"fields": {"code": "306001", "canton": 5, "name": "Pacayas", "region": 1}, "model": "crdist.district", "pk": 889}, {"fields": {"code": "306002", "canton": 5, "name": "Cervantes", "region": 1}, "model": "crdist.district", "pk": 890}, {"fields": {"code": "306003", "canton": 5, "name": "Capellades", "region": 1}, "model": "crdist.district", "pk": 891}, {"fields": {"code": "106001", "canton": 28, "name": "Aserr\u00ed", "region": 1}, "model": "crdist.district", "pk": 892}, {"fields": {"code": "106002", "canton": 28, "name": "Tarbaca", "region": 1}, "model": "crdist.district", "pk": 893}, {"fields": {"code": "701004", "canton": 44, "name": "Matama", "region": 5}, "model": "crdist.district", "pk": 894}, {"fields": {"code": "403003", "canton": 10, "name": "San Miguel", "region": 1}, "model": "crdist.district", "pk": 895}, {"fields": {"code": "403004", "canton": 10, "name": "Paracito", "region": 1}, "model": "crdist.district", "pk": 896}, {"fields": {"code": "403005", "canton": 10, "name": "Santo Tom\u00e1s", "region": 1}, "model": "crdist.district", "pk": 897}, {"fields": {"code": "403006", "canton": 10, "name": "Santa Rosa", "region": 1}, "model": "crdist.district", "pk": 898}, {"fields": {"code": "403007", "canton": 10, "name": "Tures", "region": 1}, "model": "crdist.district", "pk": 899}, {"fields": {"code": "403008", "canton": 10, "name": "Par\u00e1", "region": 1}, "model": "crdist.district", "pk": 900}, {"fields": {"code": "410001", "canton": 23, "name": "Puerto Viejo", "region": 1}, "model": "crdist.district", "pk": 901}, {"fields": {"code": "507001", "canton": 19, "name": "Las Juntas", "region": 4}, "model": "crdist.district", "pk": 902}, {"fields": {"code": "507002", "canton": 19, "name": "Sierra", "region": 4}, "model": "crdist.district", "pk": 903}, {"fields": {"code": "507004", "canton": 19, "name": "Colorado", "region": 4}, "model": "crdist.district", "pk": 904}, {"fields": {"code": "112001", "canton": 59, "name": "San Ignacio", "region": 1}, "model": "crdist.district", "pk": 905}, {"fields": {"code": "112002", "canton": 59, "name": "Guaitil", "region": 1}, "model": "crdist.district", "pk": 906}, {"fields": {"code": "112003", "canton": 59, "name": "Palmichal", "region": 1}, "model": "crdist.district", "pk": 907}, {"fields": {"code": "112004", "canton": 59, "name": "Cangrejal", "region": 1}, "model": "crdist.district", "pk": 908}, {"fields": {"code": "112005", "canton": 59, "name": "Sabanillas", "region": 1}, "model": "crdist.district", "pk": 909}, {"fields": {"code": "606001", "canton": 38, "name": "Quepos", "region": 3}, "model": "crdist.district", "pk": 910}, {"fields": {"code": "606002", "canton": 38, "name": "Savegre", "region": 3}, "model": "crdist.district", "pk": 911}, {"fields": {"code": "606003", "canton": 38, "name": "Naranjito", "region": 3}, "model": "crdist.district", "pk": 912}, {"fields": {"code": "201001", "canton": 70, "name": "Alajuela", "region": 1}, "model": "crdist.district", "pk": 913}, {"fields": {"code": "201002", "canton": 70, "name": "San Jos\u00e9", "region": 1}, "model": "crdist.district", "pk": 914}, {"fields": {"code": "201003", "canton": 70, "name": "Carrizal", "region": 1}, "model": "crdist.district", "pk": 915}, {"fields": {"code": "202009", "canton": 71, "name": "Alfaro", "region": 1}, "model": "crdist.district", "pk": 916}, {"fields": {"code": "101005", "canton": 54, "name": "Zapote", "region": 1}, "model": "crdist.district", "pk": 917}, {"fields": {"code": "101004", "canton": 54, "name": "Catedral", "region": 1}, "model": "crdist.district", "pk": 918}, {"fields": {"code": "119002", "canton": 68, "name": "El General", "region": 6}, "model": "crdist.district", "pk": 919}, {"fields": {"code": "205001", "canton": 74, "name": "Atenas", "region": 1}, "model": "crdist.district", "pk": 920}, {"fields": {"code": "302001", "canton": 1, "name": "Para\u00edso", "region": 1}, "model": "crdist.district", "pk": 921}, {"fields": {"code": "119003", "canton": 68, "name": "Daniel Flores", "region": 6}, "model": "crdist.district", "pk": 922}, {"fields": {"code": "601006", "canton": 33, "name": "Manzanillo", "region": 3}, "model": "crdist.district", "pk": 923}, {"fields": {"code": "507003", "canton": 19, "name": "San Juan", "region": 4}, "model": "crdist.district", "pk": 924}, {"fields": {"code": "103013", "canton": 56, "name": "Los Guidos", "region": 1}, "model": "crdist.district", "pk": 925}, {"fields": {"code": "116005", "canton": 65, "name": "Carara", "region": 1}, "model": "crdist.district", "pk": 926}, {"fields": {"code": "205008", "canton": 74, "name": "Escobal", "region": 1}, "model": "crdist.district", "pk": 927}, {"fields": {"code": "305011", "canton": 4, "name": "La Isabel", "region": 1}, "model": "crdist.district", "pk": 928}, {"fields": {"code": "405001", "canton": 12, "name": "San Rafael", "region": 1}, "model": "crdist.district", "pk": 929}, {"fields": {"code": "704004", "canton": 47, "name": "Telire", "region": 5}, "model": "crdist.district", "pk": 930}, {"fields": {"code": "302005", "canton": 1, "name": "Llanos de Santa Luc\u00eda", "region": 1}, "model": "crdist.district", "pk": 931}, {"fields": {"code": "305012", "canton": 4, "name": "Chirrip\u00f3", "region": 1}, "model": "crdist.district", "pk": 932}, {"fields": {"code": "206008", "canton": 75, "name": "Palmitos", "region": 1}, "model": "crdist.district", "pk": 933}, {"fields": {"code": "215004", "canton": 60, "name": "Katira", "region": 2}, "model": "crdist.district", "pk": 934}, {"fields": {"code": "107006", "canton": 29, "name": "Jaris", "region": 1}, "model": "crdist.district", "pk": 935}, {"fields": {"code": "409002", "canton": 22, "name": "Rinc\u00f3n Sabanilla", "region": 1}, "model": "crdist.district", "pk": 936}]